{"train/value_loss":65.02431,"rollout/ep_len_mean":2500,"train/clip_range":0.2,"eval/mean_ep_length":2500,"train/pg_loss":-0.064363085,"_runtime":241.145538309,"_timestamp":1.7333367193701794e+09,"_step":175,"rollout/ep_rew_mean":16462.176,"global_step":102400,"train/explained_variance":0.357942,"eval/mean_reward":17984.316,"time/fps":429,"_wandb":{"runtime":241}}