{
  "camera_matrix_parameters": {
    "vision_bottom": {
      "extrinsic_rotations": [
        -3.209085166454315,
        -0.7404166460037231,
        -0.11653482913970949
      ]
    },
    "vision_top": {
      "extrinsic_rotations": [
        -3.964707136154175,
        0.1772153377532959,
        -0.9136542677879332
      ]
    }
  },
  "walking_engine": {
      "torso_tilt_factor_k_a": 3.0,
      "torso_tilt_factor_k_d": 0.05999999865889549,
      "torso_tilt_factor_k_i": 0.5,
      "torso_tilt_factor_k_p": 0.5,
    }
  }
}
