{
  "camera_matrix_parameters": {
    "vision_bottom": {
      "extrinsic_rotations": [
        -5.823334217071533,
        2.5707240104675293,
        0.8289295434951782
      ]
    },
    "vision_top": {
      "extrinsic_rotations": [
        -6.703361511230469,
        3.664271354675293,
        -0.6644251942634583
      ]
    }
  },
  "walking_engine": {
      "torso_tilt_factor_k_a": 3.0,
      "torso_tilt_factor_k_d": 0.05999999865889549,
      "torso_tilt_factor_k_i": 0.5,
      "torso_tilt_factor_k_p": 0.5,
    }
  }
}
